Datum;Räntesats %;Medelvärde hittills i år
2023-04-28;2,45;2,26
2023-04-21;2,46;2,25
2023-04-14;2,32;2,23
2023-04-07;2,26;2,23
2023-03-31;2,15;2,23
2023-03-24;2,2;2,23
2023-03-17;2,3;2,23
2023-03-10;2,57;2,23
2023-03-03;2,65;2,19
2023-02-24;2,54;2,14
2023-02-17;2,34;2,09
2023-02-10;1,99;2,06
2023-02-03;2,03;2,07
2023-01-27;1,97;2,08
2023-01-20;1,89;2,1
2023-01-13;1,98;2,18
2023-01-06;2,24;2,28
2022-12-30;2,31;2,31
2022-12-30;2,31;1,46
2022-12-23;2,06;1,45
2022-12-16;1,73;1,43
2022-12-09;1,74;1,43
2022-12-02;1,84;1,42
2022-11-25;1,94;1,41
2022-11-18;2,03;1,4
2022-11-11;2,14;1,39
2022-11-04;2,16;1,37
2022-10-28;2,26;1,35
2022-10-21;2,22;1,33
2022-10-14;2,23;1,31
2022-10-07;2,13;1,29
2022-09-30;2,21;1,27
2022-09-23;2;1,24
2022-09-16;1,96;1,22
2022-09-09;1,93;1,2
2022-09-02;1,94;1,18
2022-08-26;1,67;1,16
2022-08-19;1,4;1,15
2022-08-12;1,37;1,14
2022-08-05;1,33;1,13
2022-07-29;1,44;1,12
2022-07-22;1,56;1,11
2022-07-15;1,4;1,1
2022-07-08;1,51;1,09
2022-07-01;1,79;1,07
2022-06-24;1,86;1,04
2022-06-17;1,88;1,01
2022-06-10;1,73;0,98
2022-06-03;1,51;0,94
2022-05-27;1,62;0,92
2022-05-20;1,73;0,88
2022-05-13;1,84;0,84
2022-05-06;1,77;0,79
2022-04-29;1,52;0,73
2022-04-22;1,52;0,69
2022-04-15;1,45;0,64
2022-04-08;1,2;0,58
2022-04-01;1,22;0,54
2022-03-25;0,94;0,49
2022-03-18;0,74;0,45
2022-03-11;0,46;0,42
2022-03-04;0,44;0,42
2022-02-25;0,61;0,42
2022-02-18;0,61;0,39
2022-02-11;0,62;0,36
2022-02-04;0,37;0,32
2022-01-28;0,31;0,31
2022-01-21;0,36;0,3
2022-01-14;0,38;0,28
2022-01-07;0,28;0,24
2021-12-31;0,2;0,2
2021-12-31;0,2;0,16
2021-12-24;0,12;0,16
2021-12-17;0,08;0,16
2021-12-10;0,07;0,17
2021-12-03;0,16;0,17
2021-11-26;0,23;0,17
2021-11-19;0,23;0,17
2021-11-12;0,17;0,16
2021-11-05;0,23;0,16
2021-10-29;0,28;0,16
2021-10-22;0,27;0,16
2021-10-15;0,27;0,16
2021-10-08;0,26;0,15
2021-10-01;0,24;0,15
2021-09-24;0,18;0,15
2021-09-17;0,14;0,15
2021-09-10;0,12;0,15
2021-09-03;0,08;0,15
2021-08-27;0,02;0,15
2021-08-20;0,03;0,16
2021-08-13;0,02;0,16
2021-08-06;0;0,16
2021-07-30;0,02;0,17
2021-07-23;0,06;0,17
2021-07-16;0,1;0,18
2021-07-09;0,16;0,18
2021-07-02;0,24;0,18
2021-06-25;0,24;0,18
2021-06-18;0,21;0,18
2021-06-11;0,27;0,18
2021-06-04;0,31;0,17
2021-05-28;0,28;0,17
2021-05-21;0,33;0,16
2021-05-14;0,29;0,15
2021-05-07;0,27;0,14
2021-04-30;0,25;0,14
2021-04-23;0,25;0,13
2021-04-16;0,23;0,12
2021-04-09;0,23;0,12
2021-04-02;0,26;0,11
2021-03-26;0,25;0,1
2021-03-19;0,26;0,08
2021-03-12;0,3;0,07
2021-03-05;0,26;0,05
2021-02-26;0,21;0,02
2021-02-19;0,13;0
2021-02-12;0,05;-0,02
2021-02-05;0;-0,03
2021-01-29;-0,03;-0,04
2021-01-22;-0,02;-0,04
2021-01-15;-0,02;-0,05
2021-01-08;-0,07;-0,07
2021-01-01;-0,06;-0,06
2020-12-25;-0,09;-0,07
2020-12-18;-0,13;-0,07
2020-12-11;-0,08;-0,07
2020-12-04;-0,06;-0,07
2020-11-27;-0,1;-0,07
2020-11-20;-0,07;-0,07
2020-11-13;-0,06;-0,07
2020-11-06;-0,12;-0,07
2020-10-30;-0,1;-0,07
2020-10-23;-0,13;-0,06
2020-10-16;-0,11;-0,06
2020-10-09;-0,07;-0,06
2020-10-02;-0,09;-0,06
2020-09-25;-0,08;-0,06
2020-09-18;-0,06;-0,06
2020-09-11;-0,04;-0,06
2020-09-04;0,02;-0,06
2020-08-28;-0,02;-0,06
2020-08-21;-0,01;-0,06
2020-08-14;-0,04;-0,07
2020-08-07;-0,06;-0,07
2020-07-31;-0,04;-0,07
2020-07-24;-0,06;-0,07
2020-07-17;-0,06;-0,07
2020-07-10;-0,05;-0,07
2020-07-03;-0,05;-0,07
2020-06-26;-0,01;-0,07
2020-06-19;0,03;-0,07
2020-06-12;0,09;-0,08
2020-06-05;0,02;-0,08
2020-05-29;-0,01;-0,09
2020-05-22;-0,04;-0,09
2020-05-15;-0,11;-0,1
2020-05-08;-0,14;-0,09
2020-05-01;-0,12;-0,09
2020-04-24;-0,07;-0,09
2020-04-17;-0,08;-0,09
2020-04-10;-0,12;-0,09
2020-04-03;-0,16;-0,09
2020-03-27;-0,05;-0,08
2020-03-20;-0,16;-0,09
2020-03-13;-0,42;-0,08
2020-03-06;-0,33;-0,05
2020-02-28;-0,21;-0,02
2020-02-21;-0,08;0,01
2020-02-14;-0,02;0,02
2020-02-07;-0,05;0,03
2020-01-31;-0,04;0,04
2020-01-24;0,06;0,07
2020-01-17;0,09;0,07
2020-01-10;0,05;0,06
2020-01-03;0,06;0,06
2019-12-27;0,02;0,03
2019-12-20;0;0,03
2019-12-13;-0,03;0,03
2019-12-06;-0,03;0,03
2019-11-29;-0,09;0,03
2019-11-22;-0,09;0,03
2019-11-15;-0,03;0,04
2019-11-08;-0,1;0,04
2019-11-01;-0,12;0,04
2019-10-25;-0,12;0,05
2019-10-18;-0,25;0,05
2019-10-11;-0,39;0,06
2019-10-04;-0,35;0,07
2019-09-27;-0,32;0,08
2019-09-20;-0,23;0,09
2019-09-13;-0,28;0,1
2019-09-06;-0,4;0,11
2019-08-30;-0,39;0,12
2019-08-23;-0,4;0,14
2019-08-16;-0,35;0,15
2019-08-09;-0,3;0,17
2019-08-02;-0,19;0,19
2019-07-26;-0,1;0,2
2019-07-19;-0,01;0,21
2019-07-12;-0,06;0,22
2019-07-05;-0,08;0,23
2019-06-28;-0,09;0,24
2019-06-21;-0,08;0,25
2019-06-14;-0,06;0,27
2019-06-07;0;0,28
2019-05-31;0,05;0,29
2019-05-24;0,07;0,3
2019-05-17;0,06;0,32
2019-05-10;0,15;0,33
2019-05-03;0,15;0,34
2019-04-26;0,26;0,35
2019-04-19;0,27;0,36
2019-04-12;0,25;0,36
2019-04-05;0,22;0,37
2019-03-29;0,22;0,38
2019-03-22;0,33;0,39
2019-03-15;0,32;0,4
2019-03-08;0,41;0,41
2019-03-01;0,34;0,41
2019-02-22;0,35;0,42
2019-02-15;0,36;0,43
2019-02-08;0,41;0,44
2019-02-01;0,43;0,44
2019-01-25;0,47;0,45
2019-01-18;0,43;0,44
2019-01-11;0,44;0,44
2019-01-04;0,44;0,44
2018-12-28;0,48;0,48
2018-12-21;0,48;0,48
2018-12-14;0,48;0,48
2018-12-07;0,46;0,48
2018-11-30;0,51;0,48
2018-11-23;0,55;0,47
2018-11-16;0,46;0,47
2018-11-09;0,49;0,47
2018-11-02;0,45;0,47
2018-10-26;0,48;0,47
2018-10-19;0,54;0,47
2018-10-12;0,54;0,47
2018-10-05;0,49;0,47
2018-09-28;0,48;0,47
2018-09-21;0,43;0,47
2018-09-14;0,39;0,47
2018-09-07;0,35;0,47
2018-08-31;0,32;0,48
2018-08-24;0,3;0,48
2018-08-17;0,3;0,49
2018-08-10;0,36;0,49
2018-08-03;0,4;0,5
2018-07-27;0,31;0,5
2018-07-20;0,27;0,51
2018-07-13;0,31;0,51
2018-07-06;0,31;0,52
2018-06-29;0,29;0,53
2018-06-22;0,3;0,54
2018-06-15;0,42;0,55
2018-06-08;0,37;0,56
2018-06-01;0,31;0,56
2018-05-25;0,49;0,58
2018-05-18;0,53;0,58
2018-05-11;0,48;0,58
2018-05-04;0,49;0,59
2018-04-27;0,55;0,59
2018-04-20;0,47;0,6
2018-04-13;0,48;0,61
2018-04-06;0,49;0,62
2018-03-30;0,52;0,62
2018-03-23;0,55;0,63
2018-03-16;0,58;0,64
2018-03-09;0,59;0,65
2018-03-02;0,61;0,65
2018-02-23;0,7;0,66
2018-02-16;0,75;0,65
2018-02-09;0,72;0,64
2018-02-02;0,71;0,62
2018-01-26;0,65;0,6
2018-01-19;0,63;0,58
2018-01-12;0,55;0,56
2018-01-05;0,56;0,56
2017-12-29;0,52;0,51
2017-12-22;0,51;0,51
2017-12-15;0,45;0,51
2017-12-08;0,45;0,52
2017-12-01;0,47;0,52
2017-11-24;0,49;0,52
2017-11-17;0,55;0,52
2017-11-10;0,53;0,52
2017-11-03;0,56;0,52
2017-10-27;0,64;0,52
2017-10-20;0,62;0,51
2017-10-13;0,69;0,51
2017-10-06;0,7;0,51
2017-09-29;0,66;0,5
2017-09-22;0,63;0,5
2017-09-15;0,55;0,49
2017-09-08;0,6;0,49
2017-09-01;0,59;0,49
2017-08-25;0,63;0,49
2017-08-18;0,64;0,48
2017-08-11;0,63;0,48
2017-08-04;0,69;0,47
2017-07-28;0,61;0,47
2017-07-21;0,67;0,46
2017-07-14;0,67;0,45
2017-07-07;0,64;0,44
2017-06-30;0,52;0,44
2017-06-23;0,47;0,43
2017-06-16;0,42;0,43
2017-06-09;0,44;0,43
2017-06-02;0,33;0,43
2017-05-26;0,34;0,44
2017-05-19;0,38;0,44
2017-05-12;0,46;0,45
2017-05-05;0,4;0,44
2017-04-28;0,42;0,45
2017-04-21;0,35;0,45
2017-04-14;0,36;0,46
2017-04-07;0,41;0,46
2017-03-31;0,46;0,47
2017-03-24;0,55;0,47
2017-03-17;0,56;0,46
2017-03-10;0,47;0,45
2017-03-03;0,38;0,45
2017-02-24;0,45;0,46
2017-02-17;0,52;0,46
2017-02-10;0,5;0,45
2017-02-03;0,55;0,43
2017-01-27;0,48;0,41
2017-01-20;0,41;0,38
2017-01-13;0,38;0,37
2017-01-06;0,35;0,35
2016-12-30;0,36;0,34
2016-12-23;0,43;0,34
2016-12-16;0,38;0,34
2016-12-09;0,36;0,34
2016-12-02;0,28;0,34
2016-11-25;0,27;0,34
2016-11-18;0,28;0,34
2016-11-11;0,08;0,34
2016-11-04;0,06;0,35
2016-10-28;-0,01;0,35
2016-10-21;0,07;0,36
2016-10-14;0,05;0,37
2016-10-07;0;0,38
2016-09-30;0;0,39
2016-09-23;0,08;0,4
2016-09-16;0,11;0,4
2016-09-09;-0,02;0,41
2016-09-02;-0,05;0,42
2016-08-26;-0,05;0,44
2016-08-19;-0,1;0,45
2016-08-12;-0,07;0,47
2016-08-05;-0,06;0,48
2016-07-29;0,03;0,5
2016-07-22;0,02;0,52
2016-07-15;0,02;0,54
2016-07-08;-0,01;0,55
2016-07-01;0,17;0,57
2016-06-24;0,34;0,59
2016-06-17;0,28;0,6
2016-06-10;0,42;0,61
2016-06-03;0,55;0,62
2016-05-27;0,57;0,63
2016-05-20;0,55;0,63
2016-05-13;0,54;0,63
2016-05-06;0,66;0,64
2016-04-29;0,68;0,64
2016-04-22;0,57;0,63
2016-04-15;0,55;0,64
2016-04-08;0,5;0,64
2016-04-01;0,54;0,65
2016-03-25;0,54;0,66
2016-03-18;0,63;0,67
2016-03-11;0,54;0,67
2016-03-04;0,52;0,69
2016-02-26;0,51;0,71
2016-02-19;0,52;0,73
2016-02-12;0,49;0,76
2016-02-05;0,6;0,81
2016-01-29;0,69;0,85
2016-01-22;0,75;0,89
2016-01-15;0,86;0,93
2016-01-08;0,89;0,97
2016-01-01;1,05;1,05
2015-12-25;1;0,58
2015-12-18;0,91;0,57
2015-12-11;0,91;0,56
2015-12-04;0,75;0,56
2015-11-27;0,65;0,55
2015-11-20;0,7;0,55
2015-11-13;0,66;0,55
2015-11-06;0,52;0,54
2015-10-30;0,49;0,54
2015-10-23;0,54;0,54
2015-10-16;0,5;0,55
2015-10-09;0,5;0,55
2015-10-02;0,54;0,55
2015-09-25;0,55;0,55
2015-09-18;0,55;0,55
2015-09-11;0,47;0,55
2015-09-04;0,55;0,55
2015-08-28;0,42;0,55
2015-08-21;0,49;0,55
2015-08-14;0,5;0,56
2015-08-07;0,6;0,56
2015-07-31;0,58;0,56
2015-07-24;0,64;0,55
2015-07-17;0,67;0,55
2015-07-10;0,62;0,55
2015-07-03;0,81;0,54
2015-06-26;0,87;0,53
2015-06-19;0,86;0,52
2015-06-12;0,88;0,51
2015-06-05;0,66;0,49
2015-05-29;0,62;0,48
2015-05-22;0,6;0,48
2015-05-15;0,63;0,47
2015-05-08;0,53;0,46
2015-05-01;0,26;0,46
2015-04-24;0,19;0,47
2015-04-17;0,2;0,49
2015-04-10;0,27;0,51
2015-04-03;0,29;0,52
2015-03-27;0,27;0,54
2015-03-20;0,42;0,56
2015-03-13;0,59;0,58
2015-03-06;0,58;0,58
2015-02-27;0,47;0,58
2015-02-20;0,35;0,59
2015-02-13;0,48;0,62
2015-02-06;0,48;0,65
2015-01-30;0,57;0,68
2015-01-23;0,62;0,71
2015-01-16;0,68;0,74
2015-01-09;0,73;0,77
2015-01-02;0,8;0,8
2014-12-26;0,83;1,62
2014-12-19;0,78;1,64
2014-12-12;0,88;1,66
2014-12-05;0,88;1,67
2014-11-28;0,9;1,69
2014-11-21;0,96;1,71
2014-11-14;1,01;1,72
2014-11-07;1,02;1,74
2014-10-31;1,04;1,75
2014-10-24;1,06;1,77
2014-10-17;1,13;1,79
2014-10-10;1,26;1,8
2014-10-03;1,32;1,82
2014-09-26;1,37;1,83
2014-09-19;1,39;1,84
2014-09-12;1,3;1,85
2014-09-05;1,28;1,87
2014-08-29;1,34;1,89
2014-08-22;1,43;1,9
2014-08-15;1,44;1,92
2014-08-08;1,53;1,93
2014-08-01;1,51;1,94
2014-07-25;1,51;1,96
2014-07-18;1,57;1,97
2014-07-11;1,62;1,99
2014-07-04;1,69;2
2014-06-27;1,76;2,01
2014-06-20;1,79;2,02
2014-06-13;1,8;2,03
2014-06-06;1,82;2,04
2014-05-30;1,83;2,06
2014-05-23;1,83;2,07
2014-05-16;1,88;2,08
2014-05-09;1,93;2,09
2014-05-02;1,99;2,1
2014-04-25;2,04;2,1
2014-04-18;2;2,11
2014-04-11;2,1;2,11
2014-04-04;2,13;2,12
2014-03-28;2,16;2,11
2014-03-21;2,12;2,11
2014-03-14;1,98;2,11
2014-03-07;2;2,12
2014-02-28;2;2,14
2014-02-21;2,03;2,15
2014-02-14;2,07;2,17
2014-02-07;2,03;2,19
2014-01-31;2,1;2,22
2014-01-24;2,17;2,25
2014-01-17;2,23;2,27
2014-01-10;2,27;2,3
2014-01-03;2,32;2,32
2013-12-27;2,25;2,01
2013-12-20;2,16;2
2013-12-13;2,16;2
2013-12-06;2,13;1,99
2013-11-29;2,09;1,99
2013-11-22;2,06;1,99
2013-11-15;2,17;1,99
2013-11-08;2,17;1,98
2013-11-01;2,15;1,98
2013-10-25;2,24;1,97
2013-10-18;2,33;1,97
2013-10-11;2,33;1,96
2013-10-04;2,32;1,95
2013-09-27;2,37;1,94
2013-09-20;2,46;1,93
2013-09-13;2,57;1,92
2013-09-06;2,42;1,9
2013-08-30;2,37;1,88
2013-08-23;2,27;1,87
2013-08-16;2,13;1,86
2013-08-09;2,06;1,85
2013-08-02;2,06;1,84
2013-07-26;2,01;1,83
2013-07-19;1,98;1,83
2013-07-12;2,06;1,82
2013-07-05;2,09;1,81
2013-06-28;2,11;1,8
2013-06-21;1,88;1,79
2013-06-14;1,86;1,79
2013-06-07;1,85;1,78
2013-05-31;1,76;1,78
2013-05-24;1,69;1,78
2013-05-17;1,68;1,79
2013-05-10;1,59;1,79
2013-05-03;1,52;1,8
2013-04-26;1,49;1,82
2013-04-19;1,6;1,84
2013-04-12;1,64;1,85
2013-04-05;1,76;1,87
2013-03-29;1,78;1,88
2013-03-22;1,92;1,89
2013-03-15;1,99;1,88
2013-03-08;1,98;1,87
2013-03-01;1,97;1,86
2013-02-22;2,04;1,85
2013-02-15;2,01;1,82
2013-02-08;1,98;1,79
2013-02-01;1,89;1,75
2013-01-25;1,79;1,72
2013-01-18;1,77;1,69
2013-01-11;1,71;1,65
2013-01-04;1,59;1,59
2012-12-28;1,58;1,52
2012-12-21;1,52;1,52
2012-12-14;1,43;1,52
2012-12-07;1,48;1,52
2012-11-30;1,49;1,52
2012-11-23;1,46;1,52
2012-11-16;1,38;1,52
2012-11-09;1,42;1,52
2012-11-02;1,5;1,53
2012-10-26;1,57;1,53
2012-10-19;1,5;1,53
2012-10-12;1,43;1,53
2012-10-05;1,43;1,53
2012-09-28;1,47;1,53
2012-09-21;1,55;1,53
2012-09-14;1,45;1,53
2012-09-07;1,38;1,53
2012-08-31;1,39;1,54
2012-08-24;1,5;1,54
2012-08-17;1,37;1,54
2012-08-10;1,34;1,55
2012-08-03;1,31;1,56
2012-07-27;1,16;1,56
2012-07-20;1,19;1,58
2012-07-13;1,23;1,59
2012-07-06;1,45;1,61
2012-06-29;1,4;1,61
2012-06-22;1,41;1,62
2012-06-15;1,4;1,63
2012-06-08;1,12;1,64
2012-06-01;1,32;1,66
2012-05-25;1,38;1,68
2012-05-18;1,38;1,69
2012-05-11;1,53;1,71
2012-05-04;1,66;1,72
2012-04-27;1,69;1,72
2012-04-20;1,69;1,73
2012-04-13;1,66;1,73
2012-04-06;1,87;1,73
2012-03-30;1,91;1,72
2012-03-23;1,95;1,71
2012-03-16;1,77;1,69
2012-03-09;1,71;1,68
2012-03-02;1,78;1,67
2012-02-24;1,8;1,66
2012-02-17;1,76;1,64
2012-02-10;1,76;1,62
2012-02-03;1,63;1,59
2012-01-27;1,68;1,58
2012-01-20;1,51;1,55
2012-01-13;1,57;1,57
2012-01-06;1,57;1,57
2011-12-30;1,58;2,57
2011-12-23;1,55;2,59
2011-12-16;1,51;2,61
2011-12-09;1,65;2,63
2011-12-02;1,64;2,65
2011-11-25;1,65;2,67
2011-11-18;1,63;2,69
2011-11-11;1,7;2,72
2011-11-04;1,87;2,74
2011-10-28;1,94;2,76
2011-10-21;1,93;2,78
2011-10-14;1,9;2,8
2011-10-07;1,7;2,82
2011-09-30;1,76;2,85
2011-09-23;1,76;2,88
2011-09-16;1,75;2,91
2011-09-09;1,95;2,94
2011-09-02;2,09;2,97
2011-08-26;2,04;3
2011-08-19;2,09;3,03
2011-08-12;2,16;3,06
2011-08-05;2,42;3,09
2011-07-29;2,7;3,11
2011-07-22;2,68;3,12
2011-07-15;2,68;3,14
2011-07-08;2,87;3,16
2011-07-01;2,79;3,17
2011-06-24;2,81;3,18
2011-06-17;2,83;3,2
2011-06-10;2,89;3,21
2011-06-03;2,86;3,23
2011-05-27;2,87;3,24
2011-05-20;3,02;3,26
2011-05-13;3,07;3,28
2011-05-06;3,17;3,29
2011-04-29;3,2;3,29
2011-04-22;3,27;3,3
2011-04-15;3,35;3,3
2011-04-08;3,31;3,3
2011-04-01;3,33;3,3
2011-03-25;3,28;3,3
2011-03-18;3,26;3,3
2011-03-11;3,4;3,3
2011-03-04;3,31;3,29
2011-02-25;3,3;3,29
2011-02-18;3,42;3,29
2011-02-11;3,4;3,26
2011-02-04;3,36;3,24
2011-01-28;3,3;3,21
2011-01-21;3,21;3,17
2011-01-14;3,15;3,16
2011-01-07;3,16;3,16
2010-12-31;3,2;2,77
2010-12-24;3,17;2,76
2010-12-17;3,15;2,75
2010-12-10;3,06;2,74
2010-12-03;2,91;2,73
2010-11-26;2,84;2,73
2010-11-19;2,79;2,73
2010-11-12;2,68;2,73
2010-11-05;2,75;2,73
2010-10-29;2,76;2,73
2010-10-22;2,61;2,73
2010-10-15;2,45;2,73
2010-10-08;2,46;2,74
2010-10-01;2,42;2,74
2010-09-24;2,55;2,75
2010-09-17;2,54;2,76
2010-09-10;2,38;2,76
2010-09-03;2,21;2,77
2010-08-27;2,28;2,79
2010-08-20;2,36;2,8
2010-08-13;2,43;2,82
2010-08-06;2,59;2,83
2010-07-30;2,61;2,84
2010-07-23;2,54;2,85
2010-07-16;2,54;2,86
2010-07-09;2,49;2,87
2010-07-02;2,49;2,88
2010-06-25;2,55;2,9
2010-06-18;2,39;2,91
2010-06-11;2,38;2,93
2010-06-04;2,49;2,96
2010-05-28;2,39;2,98
2010-05-21;2,5;3,01
2010-05-14;2,63;3,03
2010-05-07;2,75;3,05
2010-04-30;2,8;3,07
2010-04-23;2,95;3,08
2010-04-16;3,02;3,09
2010-04-09;3,01;3,1
2010-04-02;3,01;3,1
2010-03-26;2,99;3,11
2010-03-19;3,04;3,12
2010-03-12;3;3,13
2010-03-05;2,97;3,14
2010-02-26;3,11;3,16
2010-02-19;3,15;3,17
2010-02-12;3,07;3,17
2010-02-05;3,12;3,19
2010-01-29;3,11;3,2
2010-01-22;3,16;3,22
2010-01-15;3,22;3,24
2010-01-08;3,28;3,25
2010-01-01;3,22;3,22
2009-12-25;3,12;3,11
2009-12-18;3,18;3,11
2009-12-11;3,16;3,1
2009-12-04;3,13;3,1
2009-11-27;3,2;3,1
2009-11-20;3,23;3,1
2009-11-13;3,25;3,1
2009-11-06;3,2;3,09
2009-10-30;3,26;3,09
2009-10-23;3,24;3,09
2009-10-16;3,18;3,08
2009-10-09;3,16;3,08
2009-10-02;3,32;3,08
2009-09-25;3,4;3,07
2009-09-18;3,34;3,06
2009-09-11;3,32;3,06
2009-09-04;3,29;3,05
2009-08-28;3,39;3,04
2009-08-21;3,43;3,03
2009-08-14;3,49;3,02
2009-08-07;3,41;3,01
2009-07-31;3,42;2,99
2009-07-24;3,31;2,98
2009-07-17;3,27;2,97
2009-07-10;3,29;2,96
2009-07-03;3,42;2,94
2009-06-26;3,49;2,93
2009-06-19;3,5;2,9
2009-06-12;3,69;2,88
2009-06-05;3,69;2,84
2009-05-29;3,65;2,8
2009-05-22;3,49;2,76
2009-05-15;3,45;2,73
2009-05-08;3,13;2,69
2009-05-01;2,98;2,67
2009-04-24;2,9;2,65
2009-04-17;2,95;2,63
2009-04-10;2,93;2,61
2009-04-03;2,77;2,59
2009-03-27;2,75;2,57
2009-03-20;2,59;2,56
2009-03-13;2,49;2,56
2009-03-06;2,54;2,56
2009-02-27;2,49;2,56
2009-02-20;2,6;2,57
2009-02-13;2,67;2,57
2009-02-06;2,81;2,55
2009-01-30;2,8;2,5
2009-01-23;2,57;2,43
2009-01-16;2,45;2,38
2009-01-09;2,41;2,35
2009-01-02;2,28;2,28
2008-12-26;2,37;3,87
2008-12-19;2,56;3,9
2008-12-12;2,66;3,93
2008-12-05;2,6;3,95
2008-11-28;2,89;3,98
2008-11-21;3,17;4
2008-11-14;3,35;4,02
2008-11-07;3,43;4,04
2008-10-31;3,31;4,05
2008-10-24;3,54;4,07
2008-10-17;3,6;4,08
2008-10-10;3,41;4,09
2008-10-03;3,81;4,11
2008-09-26;3,89;4,12
2008-09-19;3,76;4,12
2008-09-12;3,89;4,13
2008-09-05;4,03;4,14
2008-08-29;4,07;4,14
2008-08-22;4,06;4,15
2008-08-15;4,1;4,15
2008-08-08;4,17;4,15
2008-08-01;4,37;4,15
2008-07-25;4,43;4,14
2008-07-18;4,31;4,13
2008-07-11;4,47;4,13
2008-07-04;4,54;4,11
2008-06-27;4,5;4,1
2008-06-20;4,53;4,08
2008-06-13;4,39;4,06
2008-06-06;4,35;4,05
2008-05-30;4,33;4,03
2008-05-23;4,17;4,02
2008-05-16;4,05;4,01
2008-05-09;4,08;4,01
2008-05-02;4,14;4,01
2008-04-25;4,14;4
2008-04-18;3,99;3,99
2008-04-11;3,98;3,99
2008-04-04;3,98;3,99
2008-03-28;3,94;3,99
2008-03-21;3,79;4
2008-03-14;3,89;4,01
2008-03-07;3,96;4,03
2008-02-29;4,06;4,03
2008-02-22;4,03;4,03
2008-02-15;3,91;4,03
2008-02-08;3,9;4,05
2008-02-01;3,97;4,08
2008-01-25;3,93;4,11
2008-01-18;4,07;4,17
2008-01-11;4,15;4,22
2008-01-04;4,29;4,29
2007-12-28;4,29;4,14
2007-12-21;4,32;4,14
2007-12-14;4,3;4,14
2007-12-07;4,15;4,13
2007-11-30;4,16;4,13
2007-11-23;4,18;4,13
2007-11-16;4,22;4,13
2007-11-09;4,21;4,13
2007-11-02;4,23;4,13
2007-10-26;4,24;4,12
2007-10-19;4,38;4,12
2007-10-12;4,32;4,11
2007-10-05;4,27;4,11
2007-09-28;4,29;4,11
2007-09-21;4,16;4,1
2007-09-14;4,07;4,1
2007-09-07;4,18;4,1
2007-08-31;4,17;4,1
2007-08-24;4,17;4,1
2007-08-17;4,26;4,09
2007-08-10;4,3;4,09
2007-08-03;4,27;4,08
2007-07-27;4,37;4,07
2007-07-20;4,49;4,06
2007-07-13;4,53;4,05
2007-07-06;4,47;4,03
2007-06-29;4,48;4,01
2007-06-22;4,45;4
2007-06-15;4,41;3,98
2007-06-08;4,29;3,96
2007-06-01;4,23;3,94
2007-05-25;4,2;3,93
2007-05-18;4,11;3,92
2007-05-11;4,06;3,91
2007-05-04;4,09;3,9
2007-04-27;4,07;3,89
2007-04-20;4,06;3,87
2007-04-13;4;3,86
2007-04-06;3,92;3,85
2007-03-30;3,86;3,85
2007-03-23;3,74;3,85
2007-03-16;3,74;3,86
2007-03-09;3,74;3,87
2007-03-02;3,82;3,88
2007-02-23;3,86;3,89
2007-02-16;3,94;3,89
2007-02-09;3,94;3,89
2007-02-02;4;3,87
2007-01-26;3,91;3,84
2007-01-19;3,89;3,82
2007-01-12;3,8;3,79
2007-01-05;3,77;3,77
2006-12-29;3,72;3,62
2006-12-22;3,69;3,61
2006-12-15;3,58;3,61
2006-12-08;3,53;3,61
2006-12-01;3,56;3,61
2006-11-24;3,54;3,62
2006-11-17;3,6;3,62
2006-11-10;3,66;3,62
2006-11-03;3,66;3,62
2006-10-27;3,77;3,62
2006-10-20;3,7;3,61
2006-10-13;3,69;3,61
2006-10-06;3,63;3,61
2006-09-29;3,59;3,61
2006-09-22;3,68;3,61
2006-09-15;3,68;3,61
2006-09-08;3,67;3,6
2006-09-01;3,71;3,6
2006-08-25;3,72;3,6
2006-08-18;3,85;3,59
2006-08-11;3,78;3,59
2006-08-04;3,76;3,58
2006-07-28;3,77;3,57
2006-07-21;3,84;3,57
2006-07-14;3,92;3,56
2006-07-07;3,95;3,54
2006-06-30;3,92;3,53
2006-06-23;3,81;3,51
2006-06-16;3,72;3,5
2006-06-09;3,79;3,49
2006-06-02;3,7;3,48
2006-05-26;3,67;3,47
2006-05-19;3,77;3,46
2006-05-12;3,78;3,44
2006-05-05;3,78;3,42
2006-04-28;3,73;3,4
2006-04-21;3,71;3,38
2006-04-14;3,66;3,36
2006-04-07;3,63;3,34
2006-03-31;3,48;3,31
2006-03-24;3,43;3,3
2006-03-17;3,44;3,29
2006-03-10;3,36;3,27
2006-03-03;3,28;3,26
2006-02-24;3,21;3,26
2006-02-17;3,3;3,27
2006-02-10;3,34;3,26
2006-02-03;3,37;3,25
2006-01-27;3,28;3,22
2006-01-20;3,14;3,19
2006-01-13;3,19;3,22
2006-01-06;3,25;3,25
2005-12-30;3,25;3,24
2005-12-23;3,26;3,23
2005-12-16;3,31;3,23
2005-12-09;3,31;3,23
2005-12-02;3,24;3,23
2005-11-25;3,26;3,23
2005-11-18;3,27;3,23
2005-11-11;3,3;3,23
2005-11-04;3,18;3,23
2005-10-28;3,11;3,23
2005-10-21;3,07;3,23
2005-10-14;3,03;3,24
2005-10-07;3,03;3,24
2005-09-30;2,91;3,25
2005-09-23;2,85;3,26
2005-09-16;2,84;3,27
2005-09-09;2,84;3,28
2005-09-02;2,9;3,29
2005-08-26;2,95;3,3
2005-08-19;3,02;3,31
2005-08-12;3,06;3,32
2005-08-05;2,99;3,33
2005-07-29;2,9;3,34
2005-07-22;2,95;3,36
2005-07-15;2,89;3,37
2005-07-08;2,85;3,39
2005-07-01;2,84;3,41
2005-06-24;2,95;3,43
2005-06-17;2,96;3,45
2005-06-10;2,94;3,47
2005-06-03;3,11;3,5
2005-05-27;3,12;3,52
2005-05-20;3,15;3,54
2005-05-13;3,25;3,56
2005-05-06;3,25;3,57
2005-04-29;3,29;3,59
2005-04-22;3,39;3,61
2005-04-15;3,49;3,63
2005-04-08;3,51;3,64
2005-04-01;3,64;3,65
2005-03-25;3,67;3,65
2005-03-18;3,72;3,65
2005-03-11;3,67;3,64
2005-03-04;3,71;3,63
2005-02-25;3,67;3,63
2005-02-18;3,5;3,62
2005-02-11;3,52;3,64
2005-02-04;3,58;3,66
2005-01-28;3,62;3,68
2005-01-21;3,62;3,7
2005-01-14;3,71;3,75
2005-01-07;3,78;3,78
2004-12-31;3,78;4,3
2004-12-24;3,76;4,31
2004-12-17;3,71;4,32
2004-12-10;3,86;4,33
2004-12-03;3,92;4,34
2004-11-26;3,95;4,35
2004-11-19;3,99;4,36
2004-11-12;4,1;4,37
2004-11-05;4,11;4,37
2004-10-29;4,07;4,38
2004-10-22;4,11;4,39
2004-10-15;4,15;4,39
2004-10-08;4,21;4,4
2004-10-01;4,18;4,4
2004-09-24;4,27;4,41
2004-09-17;4,26;4,41
2004-09-10;4,35;4,42
2004-09-03;4,27;4,42
2004-08-27;4,32;4,42
2004-08-20;4,23;4,43
2004-08-13;4,25;4,43
2004-08-06;4,39;4,44
2004-07-30;4,47;4,44
2004-07-23;4,42;4,44
2004-07-16;4,43;4,44
2004-07-09;4,47;4,44
2004-07-02;4,56;4,44
2004-06-25;4,56;4,43
2004-06-18;4,62;4,43
2004-06-11;4,59;4,42
2004-06-04;4,58;4,41
2004-05-28;4,56;4,4
2004-05-21;4,6;4,4
2004-05-14;4,59;4,39
2004-05-07;4,49;4,38
2004-04-30;4,56;4,37
2004-04-23;4,47;4,36
2004-04-16;4,47;4,35
2004-04-09;4,32;4,34
2004-04-02;4,13;4,35
2004-03-26;4,11;4,36
2004-03-19;4,15;4,38
2004-03-12;4,22;4,4
2004-03-05;4,4;4,42
2004-02-27;4,42;4,42
2004-02-20;4,39;4,43
2004-02-13;4,47;4,43
2004-02-06;4,58;4,42
2004-01-30;4,34;4,39
2004-01-23;4,32;4,41
2004-01-16;4,3;4,43
2004-01-09;4,48;4,5
2004-01-02;4,52;4,52
2003-12-26;4,47;4,39
2003-12-19;4,55;4,39
2003-12-12;4,69;4,38
2003-12-05;4,79;4,38
2003-11-28;4,71;4,37
2003-11-21;4,66;4,36
2003-11-14;4,84;4,35
2003-11-07;4,74;4,34
2003-10-31;4,69;4,33
2003-10-24;4,65;4,33
2003-10-17;4,61;4,32
2003-10-10;4,5;4,31
2003-10-03;4,33;4,31
2003-09-26;4,41;4,3
2003-09-19;4,53;4,3
2003-09-12;4,53;4,3
2003-09-05;4,57;4,29
2003-08-29;4,51;4,28
2003-08-22;4,56;4,27
2003-08-15;4,39;4,27
2003-08-08;4,43;4,26
2003-08-01;4,3;4,26
2003-07-25;4,28;4,26
2003-07-18;4,17;4,25
2003-07-11;4,17;4,26
2003-07-04;4,14;4,26
2003-06-27;3,9;4,27
2003-06-20;3,74;4,28
2003-06-13;3,76;4,3
2003-06-06;3,93;4,33
2003-05-30;3,94;4,34
2003-05-23;4,04;4,36
2003-05-16;4,2;4,38
2003-05-09;4,36;4,39
2003-05-02;4,45;4,39
2003-04-25;4,49;4,39
2003-04-18;4,56;4,38
2003-04-11;4,52;4,37
2003-04-04;4,53;4,36
2003-03-28;4,54;4,34
2003-03-21;4,45;4,33
2003-03-14;4,14;4,32
2003-03-07;4,13;4,34
2003-02-28;4,1;4,36
2003-02-21;4,21;4,39
2003-02-14;4,25;4,42
2003-02-07;4,31;4,44
2003-01-31;4,32;4,47
2003-01-24;4,43;4,51
2003-01-17;4,56;4,53
2003-01-10;4,56;4,52
2003-01-03;4,48;4,48
2002-12-27;4,54;5,15
2002-12-20;4,62;5,16
2002-12-13;4,75;5,17
2002-12-06;4,85;5,18
2002-11-29;4,85;5,19
2002-11-22;4,79;5,19
2002-11-15;4,76;5,2
2002-11-08;4,92;5,21
2002-11-01;4,93;5,22
2002-10-25;4,97;5,23
2002-10-18;4,89;5,23
2002-10-11;4,75;5,24
2002-10-04;4,75;5,25
2002-09-27;4,75;5,27
2002-09-20;4,79;5,28
2002-09-13;4,85;5,29
2002-09-06;4,93;5,3
2002-08-30;5,02;5,32
2002-08-23;5,02;5,32
2002-08-16;4,86;5,33
2002-08-09;4,9;5,35
2002-08-02;5,07;5,36
2002-07-26;5,12;5,37
2002-07-19;5,18;5,38
2002-07-12;5,32;5,39
2002-07-05;5,3;5,39
2002-06-28;5,28;5,39
2002-06-21;5,29;5,4
2002-06-14;5,45;5,4
2002-06-07;5,5;5,4
2002-05-31;5,53;5,4
2002-05-24;5,57;5,39
2002-05-17;5,6;5,38
2002-05-10;5,52;5,37
2002-05-03;5,49;5,36
2002-04-26;5,55;5,35
2002-04-19;5,59;5,34
2002-04-12;5,54;5,32
2002-04-05;5,59;5,31
2002-03-29;5,58;5,29
2002-03-22;5,56;5,26
2002-03-15;5,51;5,24
2002-03-08;5,43;5,21
2002-03-01;5,3;5,18
2002-02-22;5,25;5,17
2002-02-15;5,27;5,16
2002-02-08;5,22;5,14
2002-02-01;5,21;5,12
2002-01-25;5,12;5,1
2002-01-18;5,03;5,1
2002-01-11;5,11;5,13
2002-01-04;5,15;5,15
2001-12-28;5,19;4,98
2001-12-21;5,13;4,97
2001-12-14;5,13;4,97
2001-12-07;4,95;4,96
2001-11-30;4,94;4,97
2001-11-23;4,87;4,97
2001-11-16;4,71;4,97
2001-11-09;4,63;4,97
2001-11-02;4,77;4,98
2001-10-26;4,97;4,99
2001-10-19;5,04;4,99
2001-10-12;5,01;4,99
2001-10-05;5,03;4,98
2001-09-28;5,15;4,98
2001-09-21;5;4,98
2001-09-14;5,09;4,98
2001-09-07;5,11;4,98
2001-08-31;5,11;4,97
2001-08-24;5,02;4,97
2001-08-17;5,02;4,97
2001-08-10;5,14;4,96
2001-08-03;5,2;4,96
2001-07-27;5,29;4,95
2001-07-20;5,4;4,94
2001-07-13;5,43;4,92
2001-07-06;5,4;4,9
2001-06-29;5,28;4,88
2001-06-22;5,36;4,87
2001-06-15;5,35;4,85
2001-06-08;5,23;4,83
2001-06-01;5,35;4,81
2001-05-25;5,26;4,78
2001-05-18;5,12;4,76
2001-05-11;4,94;4,74
2001-05-04;5,04;4,73
2001-04-27;4,94;4,71
2001-04-20;4,85;4,7
2001-04-13;4,68;4,68
2001-04-06;4,59;4,69
2001-03-30;4,54;4,69
2001-03-23;4,56;4,71
2001-03-16;4,6;4,72
2001-03-09;4,69;4,73
2001-03-02;4,75;4,73
2001-02-23;4,78;4,73
2001-02-16;4,72;4,73
2001-02-09;4,67;4,73
2001-02-02;4,76;4,74
2001-01-26;4,87;4,73
2001-01-19;4,76;4,69
2001-01-12;4,65;4,65
2001-01-05;4,65;4,65
2000-12-29;4,75;5,34
2000-12-22;4,72;5,35
2000-12-15;4,86;5,36
2000-12-08;4,9;5,37
2000-12-01;5,02;5,38
2000-11-24;5,06;5,39
2000-11-17;5,06;5,39
2000-11-10;5,11;5,4
2000-11-03;5,1;5,41
2000-10-27;5,13;5,42
2000-10-20;5,18;5,42
2000-10-13;5,23;5,43
2000-10-06;5,22;5,43
2000-09-29;5,19;5,44
2000-09-22;5,21;5,44
2000-09-15;5,24;5,45
2000-09-08;5,2;5,46
2000-09-01;5,28;5,46
2000-08-25;5,3;5,47
2000-08-18;5,3;5,47
2000-08-11;5,29;5,48
2000-08-04;5,3;5,49
2000-07-28;5,3;5,49
2000-07-21;5,34;5,5
2000-07-14;5,31;5,51
2000-07-07;5,29;5,51
2000-06-30;5,25;5,52
2000-06-23;5,14;5,53
2000-06-16;5,12;5,55
2000-06-09;5,06;5,57
2000-06-02;5,26;5,59
2000-05-26;5,31;5,61
2000-05-19;5,31;5,62
2000-05-12;5,44;5,64
2000-05-05;5,47;5,65
2000-04-28;5,45;5,66
2000-04-21;5,42;5,67
2000-04-14;5,36;5,69
2000-04-07;5,36;5,71
2000-03-31;5,43;5,74
2000-03-24;5,31;5,76
2000-03-17;5,45;5,8
2000-03-10;5,65;5,84
2000-03-03;5,77;5,86
2000-02-25;5,83;5,87
2000-02-18;5,95;5,88
2000-02-11;5,88;5,87
2000-02-04;5,87;5,86
2000-01-28;5,91;5,86
2000-01-21;5,89;5,85
2000-01-14;5,83;5,83
2000-01-07;5,82;5,82
1999-12-31;5,61;4,89
1999-12-24;5,62;4,88
1999-12-17;5,44;4,86
1999-12-10;5,49;4,85
1999-12-03;5,59;4,84
1999-11-26;5,57;4,82
1999-11-19;5,34;4,8
1999-11-12;5,4;4,79
1999-11-05;5,67;4,78
1999-10-29;5,95;4,76
1999-10-22;5,97;4,73
1999-10-15;5,83;4,7
1999-10-08;5,76;4,67
1999-10-01;5,65;4,65
1999-09-24;5,66;4,62
1999-09-17;5,7;4,59
1999-09-10;5,58;4,56
1999-09-03;5,49;4,54
1999-08-27;5,3;4,51
1999-08-20;5,45;4,49
1999-08-13;5,63;4,46
1999-08-06;5,41;4,42
1999-07-30;5,16;4,39
1999-07-23;5,18;4,36
1999-07-16;5,25;4,33
1999-07-09;5,2;4,3
1999-07-02;4,97;4,27
1999-06-25;4,8;4,24
1999-06-18;4,78;4,22
1999-06-11;4,7;4,2
1999-06-04;4,58;4,17
1999-05-28;4,43;4,16
1999-05-21;4,43;4,14
1999-05-14;4,36;4,13
1999-05-07;4,16;4,12
1999-04-30;4,15;4,11
1999-04-23;4,09;4,11
1999-04-16;4,06;4,11
1999-04-09;4,14;4,12
1999-04-02;4,29;4,11
1999-03-26;4,26;4,1
1999-03-19;4,31;4,09
1999-03-12;4,4;4,07
1999-03-05;4,37;4,03
1999-02-26;4,14;4
1999-02-19;4,08;3,98
1999-02-12;4,02;3,96
1999-02-05;3,93;3,96
1999-01-29;3,84;3,96
1999-01-22;3,89;3,99
1999-01-15;3,95;4,02
1999-01-08;3,96;4,06
1999-01-01;4,16;4,16
1998-12-25;4,14;4,98
1998-12-18;4,11;4,99
1998-12-11;4,21;5,01
1998-12-04;4,26;5,03
1998-11-27;4,38;5,04
1998-11-20;4,52;5,06
1998-11-13;4,61;5,07
1998-11-06;4,58;5,08
1998-10-30;4,69;5,09
1998-10-23;4,7;5,1
1998-10-16;4,86;5,11
1998-10-09;4,57;5,12
1998-10-02;4,75;5,13
1998-09-25;4,78;5,14
1998-09-18;4,68;5,15
1998-09-11;4,84;5,16
1998-09-04;4,84;5,17
1998-08-28;4,82;5,18
1998-08-21;4,73;5,19
1998-08-14;4,79;5,21
1998-08-07;4,84;5,22
1998-07-31;4,84;5,23
1998-07-24;4,86;5,24
1998-07-17;4,85;5,26
1998-07-10;4,85;5,27
1998-07-03;4,91;5,29
1998-06-26;4,93;5,3
1998-06-19;4,92;5,32
1998-06-12;4,96;5,33
1998-06-05;5;5,35
1998-05-29;5,07;5,37
1998-05-22;5,17;5,38
1998-05-15;5,21;5,39
1998-05-08;5,23;5,4
1998-05-01;5,24;5,41
1998-04-24;5,1;5,42
1998-04-17;5,1;5,44
1998-04-10;5,11;5,46
1998-04-03;5,23;5,49
1998-03-27;5,23;5,51
1998-03-20;5,24;5,53
1998-03-13;5,37;5,56
1998-03-06;5,41;5,58
1998-02-27;5,37;5,59
1998-02-20;5,41;5,62
1998-02-13;5,6;5,65
1998-02-06;5,57;5,66
1998-01-30;5,6;5,68
1998-01-23;5,56;5,7
1998-01-16;5,54;5,74
1998-01-09;5,78;5,85
1998-01-02;5,91;5,91
1997-12-26;5,91;6,47
1997-12-19;5,93;6,48
1997-12-12;6,12;6,49
1997-12-05;6,12;6,5
1997-11-28;6,17;6,51
1997-11-21;6,22;6,52
1997-11-14;6,32;6,52
1997-11-07;6,31;6,53
1997-10-31;6,24;6,53
1997-10-24;6,29;6,54
1997-10-17;6,11;6,55
1997-10-10;5,86;6,56
1997-10-03;5,96;6,57
1997-09-26;6,09;6,59
1997-09-19;6,27;6,6
1997-09-12;6,38;6,61
1997-09-05;6,41;6,62
1997-08-29;6,43;6,62
1997-08-22;6,38;6,63
1997-08-15;6,4;6,64
1997-08-08;6,34;6,65
1997-08-01;6,26;6,66
1997-07-25;6,3;6,67
1997-07-18;6,3;6,68
1997-07-11;6,28;6,7
1997-07-04;6,41;6,71
1997-06-27;6,52;6,72
1997-06-20;6,6;6,73
1997-06-13;6,75;6,74
1997-06-06;6,81;6,73
1997-05-30;6,87;6,73
1997-05-23;6,72;6,72
1997-05-16;6,8;6,73
1997-05-09;6,97;6,72
1997-05-02;7,13;6,71
1997-04-25;7,04;6,68
1997-04-18;6,94;6,66
1997-04-11;6,92;6,64
1997-04-04;7,1;6,62
1997-03-28;7,03;6,58
1997-03-21;6,97;6,55
1997-03-14;6,56;6,51
1997-03-07;6,49;6,5
1997-02-28;6,32;6,51
1997-02-21;6,39;6,53
1997-02-14;6,49;6,55
1997-02-07;6,67;6,56
1997-01-31;6,61;6,54
1997-01-24;6,39;6,52
1997-01-17;6,46;6,56
1997-01-10;6,65;6,61
1997-01-03;6,57;6,57
1996-12-27;6,59;7,89
1996-12-20;6,7;7,92
1996-12-13;6,85;7,94
1996-12-06;6,79;7,96
1996-11-29;7,02;7,99
1996-11-22;7,08;8,01
1996-11-15;7,18;8,03
1996-11-08;7,16;8,05
1996-11-01;7,05;8,07
1996-10-25;7,02;8,09
1996-10-18;7,01;8,12
1996-10-11;7,02;8,14
1996-10-04;7,16;8,17
1996-09-27;7,4;8,2
1996-09-20;7,61;8,22
1996-09-13;7,86;8,23
1996-09-06;7,96;8,25
1996-08-30;7,9;8,25
1996-08-23;7,88;8,26
1996-08-16;8,04;8,28
1996-08-09;8,04;8,28
1996-08-02;8,11;8,29
1996-07-26;8,09;8,3
1996-07-19;8,18;8,3
1996-07-12;8,14;8,31
1996-07-05;8,05;8,31
1996-06-28;8,08;8,32
1996-06-21;8,25;8,33
1996-06-14;8,23;8,34
1996-06-07;8,26;8,34
1996-05-31;8,27;8,35
1996-05-24;8,21;8,35
1996-05-17;8,28;8,36
1996-05-10;8,4;8,36
1996-05-03;8,07;8,36
1996-04-26;8,1;8,38
1996-04-19;8,24;8,39
1996-04-12;8,35;8,4
1996-04-05;8,37;8,41
1996-03-29;8,29;8,41
1996-03-22;8,61;8,42
1996-03-15;8,81;8,4
1996-03-08;8,57;8,36
1996-03-01;8,5;8,34
1996-02-23;8,75;8,32
1996-02-16;8,58;8,26
1996-02-09;8,53;8,2
1996-02-02;8,23;8,14
1996-01-26;8,03;8,12
1996-01-19;7,98;8,14
1996-01-12;8,17;8,23
1996-01-05;8,28;8,28
1995-12-29;8,45;10,14
1995-12-22;8,53;10,17
1995-12-15;8,62;10,2
1995-12-08;8,54;10,24
1995-12-01;8,66;10,27
1995-11-24;8,88;10,31
1995-11-17;9,09;10,34
1995-11-10;9,06;10,36
1995-11-03;9,08;10,39
1995-10-27;9,14;10,42
1995-10-20;9,28;10,46
1995-10-13;9,42;10,48
1995-10-06;9,32;10,51
1995-09-29;9,58;10,54
1995-09-22;9,25;10,57
1995-09-15;9,47;10,6
1995-09-08;10,03;10,63
1995-09-01;10,03;10,65
1995-08-25;10,05;10,67
1995-08-18;10,08;10,69
1995-08-11;10,14;10,71
1995-08-04;10,23;10,72
1995-07-28;10,34;10,74
1995-07-21;10,41;10,75
1995-07-14;10,44;10,77
1995-07-07;10,77;10,78
1995-06-30;10,69;10,78
1995-06-23;10,56;10,78
1995-06-16;10,4;10,79
1995-06-09;10,19;10,81
1995-06-02;10,51;10,84
1995-05-26;10,54;10,85
1995-05-19;10,39;10,87
1995-05-12;10,56;10,89
1995-05-05;10,99;10,91
1995-04-28;11,24;10,91
1995-04-21;11,28;10,89
1995-04-14;11,12;10,86
1995-04-07;11,34;10,84
1995-03-31;11,21;10,8
1995-03-24;11,09;10,77
1995-03-17;11;10,74
1995-03-10;10,87;10,72
1995-03-03;10,46;10,7
1995-02-24;10,55;10,73
1995-02-17;10,51;10,75
1995-02-10;10,58;10,8
1995-02-03;10,78;10,84
1995-01-27;10,89;10,85
1995-01-20;10,86;10,84
1995-01-13;10,92;10,83
1995-01-06;10,74;10,74
1994-12-30;10,64;9,57
1994-12-23;10,68;9,55
1994-12-16;10,69;9,53
1994-12-09;10,74;9,51
1994-12-02;10,77;9,48
1994-11-25;10,86;9,45
1994-11-18;10,9;9,42
1994-11-11;11,41;9,39
1994-11-04;10,95;9,34
1994-10-28;10,89;9,31
1994-10-21;11,02;9,27
1994-10-14;11,17;9,23
1994-10-07;11,17;9,18
1994-09-30;11,03;9,13
1994-09-23;11,39;9,08
1994-09-16;11,45;9,01
1994-09-09;11,48;8,95
1994-09-02;11,45;8,87
1994-08-26;11,73;8,8
1994-08-19;11,85;8,71
1994-08-12;10,85;8,61
1994-08-05;10,66;8,54
1994-07-29;10,69;8,47
1994-07-22;10,88;8,39
1994-07-15;10,87;8,3
1994-07-08;10,65;8,21
1994-07-01;9,93;8,11
1994-06-24;10,22;8,04
1994-06-17;9,79;7,95
1994-06-10;9,64;7,87
1994-06-03;9,33;7,79
1994-05-27;8,89;7,72
1994-05-20;8,51;7,66
1994-05-13;8,75;7,61
1994-05-06;8,72;7,55
1994-04-29;8,83;7,48
1994-04-22;8,63;7,4
1994-04-15;8,16;7,31
1994-04-08;8,05;7,25
1994-04-01;8,2;7,19
1994-03-25;7,75;7,11
1994-03-18;7,51;7,05
1994-03-11;7,42;7,01
1994-03-04;7,48;6,96
1994-02-25;7,09;6,89
1994-02-18;7,03;6,87
1994-02-11;6,87;6,84
1994-02-04;6,75;6,83
1994-01-28;6,79;6,85
1994-01-21;6,76;6,87
1994-01-14;6,86;6,93
1994-01-07;7;7
1993-12-31;7,01;8,55
1993-12-24;7,17;8,58
1993-12-17;7,29;8,61
1993-12-10;7,41;8,63
1993-12-03;7,56;8,66
1993-11-26;7,54;8,68
1993-11-19;7,44;8,71
1993-11-12;7,49;8,73
1993-11-05;7,45;8,76
1993-10-29;7,4;8,79
1993-10-22;7,47;8,82
1993-10-15;7,59;8,85
1993-10-08;7,85;8,89
1993-10-01;7,89;8,91
1993-09-24;7,94;8,94
1993-09-17;7,69;8,96
1993-09-10;7,6;9
1993-09-03;7,54;9,04
1993-08-27;7,56;9,08
1993-08-20;7,49;9,12
1993-08-13;7,69;9,17
1993-08-06;7,9;9,22
1993-07-30;8,19;9,26
1993-07-23;8,26;9,3
1993-07-16;8,29;9,33
1993-07-09;8,25;9,37
1993-07-02;8,49;9,41
1993-06-25;8,6;9,45
1993-06-18;8,59;9,48
1993-06-11;8,76;9,52
1993-06-04;8,96;9,55
1993-05-28;8,89;9,58
1993-05-21;9,04;9,61
1993-05-14;9,21;9,64
1993-05-07;9,28;9,66
1993-04-30;9,17;9,69
1993-04-23;9,38;9,72
1993-04-16;9,39;9,74
1993-04-09;9,65;9,76
1993-04-02;9,56;9,77
1993-03-26;9,57;9,78
1993-03-19;9,28;9,8
1993-03-12;9,09;9,85
1993-03-05;9,51;9,93
1993-02-26;9,57;9,97
1993-02-19;9,79;10,02
1993-02-12;9,85;10,06
1993-02-05;10,14;10,09
1993-01-29;10,1;10,08
1993-01-22;10,15;10,08
1993-01-15;10,21;10,05
1993-01-08;10;9,97
1993-01-01;9,94;9,94
1992-12-25;9,93;10,03
1992-12-18;9,94;10,04
1992-12-11;10;10,04
1992-12-04;10,12;10,04
1992-11-27;10,47;10,04
1992-11-20;11,21;10,03
1992-11-13;10,96;10
1992-11-06;10,99;9,98
1992-10-30;10,98;9,96
1992-10-23;11,14;9,93
1992-10-16;11,11;9,91
1992-10-09;11,21;9,88
1992-10-02;11,45;9,84
1992-09-25;11,52;9,8
1992-09-18;11,33;9,76
1992-09-11;10,94;9,71
1992-09-04;10,9;9,68
1992-08-28;11,19;9,65
1992-08-21;10,56;9,6
1992-08-14;10,16;9,57
1992-08-07;10,13;9,55
1992-07-31;9,97;9,53
1992-07-24;9,82;9,52
1992-07-17;9,71;9,51
1992-07-10;9,64;9,5
1992-07-03;9,64;9,5
1992-06-26;9,6;9,49
1992-06-20;9,6;9,49
1992-06-12;9,57;9,48
1992-06-05;9,42;9,48
1992-05-29;9,43;9,48
1992-05-22;9,42;9,48
1992-05-15;9,46;9,49
1992-05-08;9,59;9,49
1992-05-01;9,59;9,48
1992-04-24;9,45;9,48
1992-04-17;9,4;9,48
1992-04-10;9,51;9,48
1992-04-03;9,46;9,48
1992-03-27;9,44;9,48
1992-03-20;9,34;9,49
1992-03-13;9,33;9,5
1992-03-06;9,36;9,52
1992-02-28;9,47;9,53
1992-02-21;9,42;9,54
1992-02-14;9,42;9,56
1992-02-07;9,4;9,58
1992-01-31;9,33;9,62
1992-01-24;9,51;9,69
1992-01-17;9,55;9,75
1992-01-10;9,78;9,85
1992-01-03;9,91;9,91
1991-12-27;9,93;10,72
1991-12-20;9,97;10,74
1991-12-13;10,07;10,75
1991-12-06;9,99;10,76
1991-11-29;9,87;10,78
1991-11-22;9,72;10,8
1991-11-15;9,78;10,82
1991-11-08;9,99;10,85
1991-11-01;10,04;10,87
1991-10-25;10,04;10,89
1991-10-18;9,98;10,91
1991-10-11;9,95;10,93
1991-10-04;9,98;10,95
1991-09-27;9,96;10,98
1991-09-20;10,18;11
1991-09-13;10,33;11,03
1991-09-06;10,5;11,05
1991-08-30;10,51;11,06
1991-08-23;10,65;11,08
1991-08-16;10,65;11,09
1991-08-09;10,69;11,1
1991-08-02;10,68;11,12
1991-07-26;10,58;11,13
1991-07-19;10,54;11,15
1991-07-12;10,67;11,17
1991-07-05;10,64;11,19
1991-06-28;10,66;11,21
1991-06-21;10,65;11,23
1991-06-14;10,59;11,26
1991-06-07;10,43;11,29
1991-05-31;10,47;11,33
1991-05-24;10,58;11,37
1991-05-17;11,05;11,41
1991-05-09;11,12;11,43
1991-05-03;11,25;11,44
1991-04-26;11,37;11,45
1991-04-19;11,37;11,46
1991-04-12;11,4;11,47
1991-04-05;11,4;11,47
1991-03-29;11,43;11,48
1991-03-22;11,44;11,48
1991-03-15;11,27;11,48
1991-03-08;11,21;11,51
1991-03-01;11,05;11,54
1991-02-22;10,95;11,6
1991-02-15;11,25;11,69
1991-02-08;11,24;11,77
1991-02-01;11,44;11,87
1991-01-25;11,64;11,98
1991-01-18;11,99;12,09
1991-01-11;12,15;12,14
1991-01-04;12,13;12,13
1990-12-28;12,24;13,13
1990-12-21;12,16;13,15
1990-12-14;12,23;13,17
1990-12-07;12,56;13,19
1990-11-30;12,66;13,2
1990-11-23;12,77;13,21
1990-11-16;12,86;13,22
1990-11-09;12,97;13,23
1990-11-02;13,25;13,24
1990-10-26;13,22;13,24
1990-10-19;13,35;13,24
1990-10-12;13,15;13,23
1990-10-05;13,31;13,24
1990-09-28;13,38;13,23
1990-09-21;13,26;13,23
1990-09-14;13,38;13,23
1990-09-07;13,41;13,23
1990-08-31;13,47;13,22
1990-08-24;13,48;13,21
1990-08-17;13,19;13,21
1990-08-10;13,03;13,21
1990-08-03;12,82;13,21
1990-07-27;12,82;13,22
1990-07-20;12,79;13,24
1990-07-13;12,87;13,25
1990-07-06;12,73;13,27
1990-06-29;12,61;13,29
1990-06-22;12,84;13,32
1990-06-15;13,04;13,34
1990-06-08;13,13;13,35
1990-06-01;13,11;13,36
1990-05-25;13,07;13,37
1990-05-18;13,28;13,39
1990-05-11;13,49;13,39
1990-05-04;13,68;13,39
1990-04-27;13,62;13,37
1990-04-20;13,66;13,35
1990-04-13;13,55;13,33
1990-04-06;13,7;13,32
1990-03-30;13,76;13,29
1990-03-23;13,8;13,25
1990-03-16;13,75;13,2
1990-03-09;13,66;13,14
1990-03-02;13,67;13,09
1990-02-23;13,54;13,01
1990-02-16;13,04;12,94
1990-02-09;13,04;12,92
1990-02-02;13,04;12,9
1990-01-26;13,04;12,86
1990-01-19;12,9;12,8
1990-01-12;12,78;12,76
1990-01-05;12,73;12,73
1989-12-28;12,5;11,18
1989-12-21;12,48;11,16
1989-12-14;12,5;11,13
1989-12-07;12,7;11,1
1989-11-30;12,63;11,07
1989-11-23;12,48;11,03
1989-11-16;11,94;11
1989-11-09;11,61;10,98
1989-11-02;11,45;10,96
1989-10-26;11,35;10,95
1989-10-19;11,19;10,94
1989-10-12;10,98;10,94
1989-10-05;10,99;10,93
1989-09-28;10,91;10,93
1989-09-21;10,96;10,93
1989-09-14;11,07;10,93
1989-09-07;11,02;10,93
1989-08-31;10,98;10,93
1989-08-24;11,04;10,92
1989-08-17;11,01;10,92
1989-08-10;11,05;10,92
1989-08-03;11,09;10,91
1989-07-27;11,18;10,91
1989-07-20;11,2;10,9
1989-07-13;11,22;10,89
1989-07-06;11,23;10,87
1989-06-29;11,21;10,86
1989-06-22;11,15;10,85
1989-06-15;11,08;10,83
1989-06-08;11,03;10,82
1989-06-01;10,96;10,81
1989-05-25;10,97;10,8
1989-05-18;11,13;10,79
1989-05-11;11,11;10,78
1989-05-04;11,1;10,76
1989-04-27;11,11;10,73
1989-04-20;11,04;10,71
1989-04-13;11,04;10,69
1989-04-06;10,93;10,66
1989-03-30;10,94;10,64
1989-03-23;11,03;10,61
1989-03-16;10,96;10,57
1989-03-09;10,81;10,52
1989-03-02;10,79;10,49
1989-02-23;10,59;10,44
1989-02-16;10,44;10,42
1989-02-09;10,4;10,41
1989-02-02;10,38;10,42
1989-01-26;10,44;10,43
1989-01-19;10,45;10,43
1989-01-12;10,4;10,4
1988-12-30;10,76;11,35
1988-12-23;10,9;11,37
1988-12-16;10,99;11,37
1988-12-09;11,03;11,38
1988-12-02;11,1;11,39
1988-11-25;11,01;11,4
1988-11-18;11,09;11,4
1988-11-11;11,04;11,41
1988-11-04;11,03;11,42
1988-10-28;11,17;11,43
1988-10-21;11,43;11,43
1988-10-14;11,48;11,43
1988-10-07;11,55;11,43
1988-09-30;11,47;11,43
1988-09-23;11,44;11,43
1988-09-16;11,47;11,43
1988-09-09;11,47;11,43
1988-09-02;11,55;11,43
1988-08-26;11,56;11,42
1988-08-19;11,59;11,42
1988-08-12;11,56;11,41
1988-08-05;11,5;11,41
1988-07-29;11,43;11,41
1988-07-22;11,38;11,41
1988-07-15;11,33;11,41
1988-07-08;11,28;11,41
1988-07-01;11,22;11,41
1988-06-24;11,26;11,42
1988-06-17;11,27;11,43
1988-06-10;11,35;11,43
1988-06-03;11,45;11,44
1988-05-27;11,53;11,44
1988-05-20;11,55;11,43
1988-05-13;11,57;11,43
1988-05-06;11,53;11,42
1988-04-29;11,31;11,41
1988-04-22;11,36;11,42
1988-04-15;11,34;11,42
1988-04-08;11,3;11,43
1988-04-01;11,27;11,44
1988-03-25;11,35;11,45
1988-03-18;11,4;11,46
1988-03-11;11,34;11,46
1988-03-04;11,21;11,48
1988-02-26;11,22;11,51
1988-02-19;11,35;11,54
1988-02-12;11,27;11,57
1988-02-05;11,42;11,62
1988-01-29;11,58;11,66
1988-01-22;11,71;11,68
1988-01-15;11,74;11,67
1988-01-08;11,63;11,64
1988-01-01;11,64;11,64
1987-12-25;11,67;11,67
1987-12-18;11,76;11,67
1987-12-11;11,72;11,67
1987-12-04;11,75;11,67
1987-11-27;11,58;11,66
1987-11-20;11,53;11,67
1987-11-13;11,52;11,67
1987-11-06;11,69;11,67
1987-10-30;11,83;11,67
1987-10-23;12,12;11,67
1987-10-16;12,12;11,66
1987-10-09;12,06;11,65
1987-10-02;11,97;11,64
1987-09-25;11,92;11,63
1987-09-18;12,07;11,62
1987-09-11;12,1;11,61
1987-09-04;12,1;11,59
1987-08-28;11,98;11,58
1987-08-21;11,89;11,57
1987-08-14;12,03;11,56
1987-08-07;11,92;11,54
1987-07-31;11,96;11,53
1987-07-24;11,9;11,52
1987-07-17;11,72;11,5
1987-07-10;11,49;11,49
1987-07-03;11,57;11,49
1987-06-26;11,63;11,49
1987-06-19;11,7;11,49
1987-06-12;11,89;11,48
1987-06-05;12,03;11,46
1987-05-29;11,86;11,43
1987-05-22;12,09;11,41
1987-05-15;11,66;11,38
1987-05-08;11,42;11,36
1987-05-01;11,25;11,36
1987-04-24;11,35;11,37
1987-04-17;11,3;11,37
1987-04-10;11,02;11,37
1987-04-03;11,05;11,4
1987-03-27;11,21;11,43
1987-03-20;11,28;11,44
1987-03-13;11,24;11,46
1987-03-06;11,32;11,48
1987-02-27;11,42;11,5
1987-02-20;11,5;11,51
1987-02-13;11,45;11,51
1987-02-06;11,62;11,52
1987-01-30;11,91;11,5
1987-01-23;11,8;11,4
1987-01-16;11,84;11,26
1987-01-09;11,04;10,98
1987-01-02;10,91;10,91
1986-12-19;10,83;10,77
1986-12-12;10,76;10,75
1986-12-05;10,73;10,73
